{
    "accuracy": 0.794180269694819,
    "precision": 0.6810344827586207,
    "recall": 0.42245989304812837,
    "f1_score": 0.5214521452145214
}